kind,implementation,memory,size,offset,cycles,iterations
overhead,empty,none,0,0,9224,512
fixed,baseline,dtcm,1,0,131080,512
fixed,specialized,dtcm,1,0,22024,512
fixed,baseline,dtcm,1,7,131080,512
fixed,specialized,dtcm,1,7,22024,512
fixed,baseline,dtcm,2,0,133128,512
fixed,specialized,dtcm,2,0,51208,512
fixed,baseline,dtcm,2,7,133128,512
fixed,specialized,dtcm,2,7,51208,512
fixed,baseline,dtcm,4,0,133128,512
fixed,specialized,dtcm,4,0,51208,512
fixed,baseline,dtcm,4,7,133128,512
fixed,specialized,dtcm,4,7,51208,512
fixed,baseline,dtcm,8,0,133128,512
fixed,specialized,dtcm,8,0,51208,512
fixed,baseline,dtcm,8,7,133128,512
fixed,specialized,dtcm,8,7,51208,512
fixed,baseline,dtcm,16,0,131080,512
fixed,specialized,dtcm,16,0,51208,512
fixed,baseline,dtcm,16,7,133128,512
fixed,specialized,dtcm,16,7,51208,512
scan,byte,dtcm,1,0,49160,512
scan,word,dtcm,1,0,49160,512
scan,word_unaligned,dtcm,1,0,49160,512
scan,mve,dtcm,1,0,49160,512
scan,byte,dtcm,1,1,49160,512
scan,word,dtcm,1,1,49160,512
scan,word_unaligned,dtcm,1,1,49160,512
scan,mve,dtcm,1,1,49160,512
scan,byte,dtcm,1,3,49160,512
scan,word,dtcm,1,3,49160,512
scan,word_unaligned,dtcm,1,3,49160,512
scan,mve,dtcm,1,3,49160,512
scan,byte,dtcm,1,15,49160,512
scan,word,dtcm,1,15,49160,512
scan,word_unaligned,dtcm,1,15,49160,512
scan,mve,dtcm,1,15,49160,512
scan,byte,dtcm,2,0,49160,512
scan,word,dtcm,2,0,49160,512
scan,word_unaligned,dtcm,2,0,49160,512
scan,mve,dtcm,2,0,49160,512
scan,byte,dtcm,2,1,49160,512
scan,word,dtcm,2,1,51208,512
scan,word_unaligned,dtcm,2,1,49160,512
scan,mve,dtcm,2,1,49160,512
scan,byte,dtcm,2,3,49160,512
scan,word,dtcm,2,3,49160,512
scan,word_unaligned,dtcm,2,3,49160,512
scan,mve,dtcm,2,3,49160,512
scan,byte,dtcm,2,15,49160,512
scan,word,dtcm,2,15,49160,512
scan,word_unaligned,dtcm,2,15,49160,512
scan,mve,dtcm,2,15,49160,512
scan,byte,dtcm,3,0,49160,512
scan,word,dtcm,3,0,51208,512
scan,word_unaligned,dtcm,3,0,49160,512
scan,mve,dtcm,3,0,49160,512
scan,byte,dtcm,3,1,49160,512
scan,word,dtcm,3,1,55304,512
scan,word_unaligned,dtcm,3,1,49160,512
scan,mve,dtcm,3,1,49160,512
scan,byte,dtcm,3,3,49160,512
scan,word,dtcm,3,3,49160,512
scan,word_unaligned,dtcm,3,3,49160,512
scan,mve,dtcm,3,3,49160,512
scan,byte,dtcm,3,15,49160,512
scan,word,dtcm,3,15,49160,512
scan,word_unaligned,dtcm,3,15,49160,512
scan,mve,dtcm,3,15,49160,512
scan,byte,dtcm,4,0,49160,512
scan,word,dtcm,4,0,49160,512
scan,word_unaligned,dtcm,4,0,49160,512
scan,mve,dtcm,4,0,49160,512
scan,byte,dtcm,4,1,49160,512
scan,word,dtcm,4,1,53256,512
scan,word_unaligned,dtcm,4,1,49160,512
scan,mve,dtcm,4,1,49160,512
scan,byte,dtcm,4,3,49160,512
scan,word,dtcm,4,3,51208,512
scan,word_unaligned,dtcm,4,3,49160,512
scan,mve,dtcm,4,3,49160,512
scan,byte,dtcm,4,15,49160,512
scan,word,dtcm,4,15,51208,512
scan,word_unaligned,dtcm,4,15,49160,512
scan,mve,dtcm,4,15,49160,512
scan,byte,dtcm,6,0,57352,512
scan,word,dtcm,6,0,49160,512
scan,word_unaligned,dtcm,6,0,49160,512
scan,mve,dtcm,6,0,49160,512
scan,byte,dtcm,6,1,57352,512
scan,word,dtcm,6,1,61448,512
scan,word_unaligned,dtcm,6,1,49160,512
scan,mve,dtcm,6,1,49160,512
scan,byte,dtcm,6,3,57352,512
scan,word,dtcm,6,3,49160,512
scan,word_unaligned,dtcm,6,3,49160,512
scan,mve,dtcm,6,3,49160,512
scan,byte,dtcm,6,15,57352,512
scan,word,dtcm,6,15,49160,512
scan,word_unaligned,dtcm,6,15,49160,512
scan,mve,dtcm,6,15,49160,512
scan,byte,dtcm,8,0,65544,512
scan,word,dtcm,8,0,49160,512
scan,word_unaligned,dtcm,8,0,49160,512
scan,mve,dtcm,8,0,49160,512
scan,byte,dtcm,8,1,65544,512
scan,word,dtcm,8,1,51208,512
scan,word_unaligned,dtcm,8,1,49160,512
scan,mve,dtcm,8,1,49160,512
scan,byte,dtcm,8,3,65544,512
scan,word,dtcm,8,3,49160,512
scan,word_unaligned,dtcm,8,3,49160,512
scan,mve,dtcm,8,3,49160,512
scan,byte,dtcm,8,15,65544,512
scan,word,dtcm,8,15,49160,512
scan,word_unaligned,dtcm,8,15,49160,512
scan,mve,dtcm,8,15,49160,512
scan,byte,dtcm,12,0,81928,512
scan,word,dtcm,12,0,51208,512
scan,word_unaligned,dtcm,12,0,49160,512
scan,mve,dtcm,12,0,49160,512
scan,byte,dtcm,12,1,81928,512
scan,word,dtcm,12,1,55304,512
scan,word_unaligned,dtcm,12,1,49164,512
scan,mve,dtcm,12,1,49160,512
scan,byte,dtcm,12,3,81928,512
scan,word,dtcm,12,3,53256,512
scan,word_unaligned,dtcm,12,3,49164,512
scan,mve,dtcm,12,3,49160,512
scan,byte,dtcm,12,15,81928,512
scan,word,dtcm,12,15,53256,512
scan,word_unaligned,dtcm,12,15,49164,512
scan,mve,dtcm,12,15,49160,512
scan,byte,dtcm,16,0,98312,512
scan,word,dtcm,16,0,55304,512
scan,word_unaligned,dtcm,16,0,51208,512
scan,mve,dtcm,16,0,49160,512
scan,byte,dtcm,16,1,98312,512
scan,word,dtcm,16,1,59400,512
scan,word_unaligned,dtcm,16,1,55304,512
scan,mve,dtcm,16,1,49160,512
scan,byte,dtcm,16,3,98312,512
scan,word,dtcm,16,3,57352,512
scan,word_unaligned,dtcm,16,3,55304,512
scan,mve,dtcm,16,3,49160,512
scan,byte,dtcm,16,15,98312,512
scan,word,dtcm,16,15,57352,512
scan,word_unaligned,dtcm,16,15,55304,512
scan,mve,dtcm,16,15,49160,512
scan,byte,dtcm,24,0,131080,512
scan,word,dtcm,24,0,63496,512
scan,word_unaligned,dtcm,24,0,59400,512
scan,mve,dtcm,24,0,49160,512
scan,byte,dtcm,24,1,131080,512
scan,word,dtcm,24,1,67592,512
scan,word_unaligned,dtcm,24,1,65544,512
scan,mve,dtcm,24,1,49160,512
scan,byte,dtcm,24,3,131080,512
scan,word,dtcm,24,3,65544,512
scan,word_unaligned,dtcm,24,3,65544,512
scan,mve,dtcm,24,3,49160,512
scan,byte,dtcm,24,15,131080,512
scan,word,dtcm,24,15,65544,512
scan,word_unaligned,dtcm,24,15,65544,512
scan,mve,dtcm,24,15,49160,512
scan,byte,dtcm,32,0,163848,512
scan,word,dtcm,32,0,71688,512
scan,word_unaligned,dtcm,32,0,67592,512
scan,mve,dtcm,32,0,49160,512
scan,byte,dtcm,32,1,163848,512
scan,word,dtcm,32,1,75784,512
scan,word_unaligned,dtcm,32,1,75784,512
scan,mve,dtcm,32,1,49160,512
scan,byte,dtcm,32,3,163848,512
scan,word,dtcm,32,3,73736,512
scan,word_unaligned,dtcm,32,3,75784,512
scan,mve,dtcm,32,3,49160,512
scan,byte,dtcm,32,15,163848,512
scan,word,dtcm,32,15,73736,512
scan,word_unaligned,dtcm,32,15,75784,512
scan,mve,dtcm,32,15,49160,512
scan,byte,dtcm,48,0,229384,512
scan,word,dtcm,48,0,88072,512
scan,word_unaligned,dtcm,48,0,83976,512
scan,mve,dtcm,48,0,53256,512
scan,byte,dtcm,48,1,229384,512
scan,word,dtcm,48,1,92168,512
scan,word_unaligned,dtcm,48,1,96264,512
scan,mve,dtcm,48,1,55304,512
scan,byte,dtcm,48,3,229384,512
scan,word,dtcm,48,3,90120,512
scan,word_unaligned,dtcm,48,3,96264,512
scan,mve,dtcm,48,3,55304,512
scan,byte,dtcm,48,15,229384,512
scan,word,dtcm,48,15,90120,512
scan,word_unaligned,dtcm,48,15,96264,512
scan,mve,dtcm,48,15,55304,512
scan,byte,dtcm,64,0,294920,512
scan,word,dtcm,64,0,104456,512
scan,word_unaligned,dtcm,64,0,100360,512
scan,mve,dtcm,64,0,61448,512
scan,byte,dtcm,64,1,294920,512
scan,word,dtcm,64,1,108552,512
scan,word_unaligned,dtcm,64,1,116744,512
scan,mve,dtcm,64,1,63496,512
scan,byte,dtcm,64,3,294920,512
scan,word,dtcm,64,3,106504,512
scan,word_unaligned,dtcm,64,3,116744,512
scan,mve,dtcm,64,3,63496,512
scan,byte,dtcm,64,15,294920,512
scan,word,dtcm,64,15,106504,512
scan,word_unaligned,dtcm,64,15,116744,512
scan,mve,dtcm,64,15,63496,512
scan,byte,dtcm,96,0,425992,512
scan,word,dtcm,96,0,137224,512
scan,word_unaligned,dtcm,96,0,133128,512
scan,mve,dtcm,96,0,75784,512
scan,byte,dtcm,96,1,425992,512
scan,word,dtcm,96,1,141320,512
scan,word_unaligned,dtcm,96,1,157704,512
scan,mve,dtcm,96,1,77832,512
scan,byte,dtcm,96,3,425992,512
scan,word,dtcm,96,3,139272,512
scan,word_unaligned,dtcm,96,3,157704,512
scan,mve,dtcm,96,3,77832,512
scan,byte,dtcm,96,15,425992,512
scan,word,dtcm,96,15,139272,512
scan,word_unaligned,dtcm,96,15,157704,512
scan,mve,dtcm,96,15,77832,512
scan,byte,dtcm,128,0,557064,512
scan,word,dtcm,128,0,169992,512
scan,word_unaligned,dtcm,128,0,165896,512
scan,mve,dtcm,128,0,90120,512
scan,byte,dtcm,128,1,557064,512
scan,word,dtcm,128,1,174088,512
scan,word_unaligned,dtcm,128,1,198664,512
scan,mve,dtcm,128,1,94216,512
scan,byte,dtcm,128,3,557064,512
scan,word,dtcm,128,3,172040,512
scan,word_unaligned,dtcm,128,3,198664,512
scan,mve,dtcm,128,3,94216,512
scan,byte,dtcm,128,15,557064,512
scan,word,dtcm,128,15,172040,512
scan,word_unaligned,dtcm,128,15,198664,512
scan,mve,dtcm,128,15,94216,512
scan,byte,dtcm,256,0,1081352,512
scan,word,dtcm,256,0,301064,512
scan,word_unaligned,dtcm,256,0,296968,512
scan,mve,dtcm,256,0,147464,512
scan,byte,dtcm,256,1,1081352,512
scan,word,dtcm,256,1,305160,512
scan,word_unaligned,dtcm,256,1,362504,512
scan,mve,dtcm,256,1,155656,512
scan,byte,dtcm,256,3,1081352,512
scan,word,dtcm,256,3,303112,512
scan,word_unaligned,dtcm,256,3,362504,512
scan,mve,dtcm,256,3,155656,512
scan,byte,dtcm,256,15,1081352,512
scan,word,dtcm,256,15,303112,512
scan,word_unaligned,dtcm,256,15,362504,512
scan,mve,dtcm,256,15,155656,512
scan,byte,dtcm,512,0,2129928,512
scan,word,dtcm,512,0,563208,512
scan,word_unaligned,dtcm,512,0,559112,512
scan,mve,dtcm,512,0,262152,512
scan,byte,dtcm,512,1,2129928,512
scan,word,dtcm,512,1,567304,512
scan,word_unaligned,dtcm,512,1,690184,512
scan,mve,dtcm,512,1,278536,512
scan,byte,dtcm,512,3,2129928,512
scan,word,dtcm,512,3,565256,512
scan,word_unaligned,dtcm,512,3,690184,512
scan,mve,dtcm,512,3,278536,512
scan,byte,dtcm,512,15,2129928,512
scan,word,dtcm,512,15,565256,512
scan,word_unaligned,dtcm,512,15,690184,512
scan,mve,dtcm,512,15,278536,512
scan,byte,sram,1,0,53256,512
scan,word,sram,1,0,59400,512
scan,word_unaligned,sram,1,0,53260,512
scan,mve,sram,1,0,57352,512
scan,byte,sram,1,1,53256,512
scan,word,sram,1,1,61448,512
scan,word_unaligned,sram,1,1,53260,512
scan,mve,sram,1,1,57352,512
scan,byte,sram,1,3,53256,512
scan,word,sram,1,3,61448,512
scan,word_unaligned,sram,1,3,53260,512
scan,mve,sram,1,3,57352,512
scan,byte,sram,1,15,53256,512
scan,word,sram,1,15,61448,512
scan,word_unaligned,sram,1,15,53260,512
scan,mve,sram,1,15,57352,512
scan,byte,sram,2,0,73736,512
scan,word,sram,2,0,79880,512
scan,word_unaligned,sram,2,0,73740,512
scan,mve,sram,2,0,57352,512
scan,byte,sram,2,1,73736,512
scan,word,sram,2,1,81928,512
scan,word_unaligned,sram,2,1,73740,512
scan,mve,sram,2,1,57352,512
scan,byte,sram,2,3,73736,512
scan,word,sram,2,3,75784,512
scan,word_unaligned,sram,2,3,73740,512
scan,mve,sram,2,3,57352,512
scan,byte,sram,2,15,73736,512
scan,word,sram,2,15,75784,512
scan,word_unaligned,sram,2,15,73740,512
scan,mve,sram,2,15,59400,512
scan,byte,sram,3,0,94216,512
scan,word,sram,3,0,100360,512
scan,word_unaligned,sram,3,0,94220,512
scan,mve,sram,3,0,57352,512
scan,byte,sram,3,1,94216,512
scan,word,sram,3,1,102408,512
scan,word_unaligned,sram,3,1,94220,512
scan,mve,sram,3,1,57352,512
scan,byte,sram,3,3,94216,512
scan,word,sram,3,3,96264,512
scan,word_unaligned,sram,3,3,94220,512
scan,mve,sram,3,3,57352,512
scan,byte,sram,3,15,94216,512
scan,word,sram,3,15,96264,512
scan,word_unaligned,sram,3,15,94220,512
scan,mve,sram,3,15,59400,512
scan,byte,sram,4,0,114696,512
scan,word,sram,4,0,59400,512
scan,word_unaligned,sram,4,0,55304,512
scan,mve,sram,4,0,57352,512
scan,byte,sram,4,1,114696,512
scan,word,sram,4,1,116744,512
scan,word_unaligned,sram,4,1,55304,512
scan,mve,sram,4,1,57352,512
scan,byte,sram,4,3,114696,512
scan,word,sram,4,3,116744,512
scan,word_unaligned,sram,4,3,55304,512
scan,mve,sram,4,3,57352,512
scan,byte,sram,4,15,114696,512
scan,word,sram,4,15,116744,512
scan,word_unaligned,sram,4,15,57352,512
scan,mve,sram,4,15,59400,512
scan,byte,sram,6,0,155656,512
scan,word,sram,6,0,96264,512
scan,word_unaligned,sram,6,0,90124,512
scan,mve,sram,6,0,57352,512
scan,byte,sram,6,1,155656,512
scan,word,sram,6,1,157704,512
scan,word_unaligned,sram,6,1,90124,512
scan,mve,sram,6,1,57352,512
scan,byte,sram,6,3,155656,512
scan,word,sram,6,3,90120,512
scan,word_unaligned,sram,6,3,90124,512
scan,mve,sram,6,3,73736,512
scan,byte,sram,6,15,155656,512
scan,word,sram,6,15,90120,512
scan,word_unaligned,sram,6,15,92172,512
scan,mve,sram,6,15,75784,512
scan,byte,sram,8,0,196616,512
scan,word,sram,8,0,79880,512
scan,word_unaligned,sram,8,0,75784,512
scan,mve,sram,8,0,57352,512
scan,byte,sram,8,1,196616,512
scan,word,sram,8,1,131080,512
scan,word_unaligned,sram,8,1,77832,512
scan,mve,sram,8,1,73736,512
scan,byte,sram,8,3,196616,512
scan,word,sram,8,3,131080,512
scan,word_unaligned,sram,8,3,77832,512
scan,mve,sram,8,3,73736,512
scan,byte,sram,8,15,196616,512
scan,word,sram,8,15,131080,512
scan,word_unaligned,sram,8,15,77832,512
scan,mve,sram,8,15,75784,512
scan,byte,sram,12,0,278536,512
scan,word,sram,12,0,100360,512
scan,word_unaligned,sram,12,0,96264,512
scan,mve,sram,12,0,71688,512
scan,byte,sram,12,1,278536,512
scan,word,sram,12,1,151560,512
scan,word_unaligned,sram,12,1,98312,512
scan,mve,sram,12,1,88072,512
scan,byte,sram,12,3,278536,512
scan,word,sram,12,3,151560,512
scan,word_unaligned,sram,12,3,98312,512
scan,mve,sram,12,3,88072,512
scan,byte,sram,12,15,278536,512
scan,word,sram,12,15,151560,512
scan,word_unaligned,sram,12,15,100360,512
scan,mve,sram,12,15,90120,512
scan,byte,sram,16,0,360456,512
scan,word,sram,16,0,120840,512
scan,word_unaligned,sram,16,0,116744,512
scan,mve,sram,16,0,71688,512
scan,byte,sram,16,1,360456,512
scan,word,sram,16,1,172040,512
scan,word_unaligned,sram,16,1,120840,512
scan,mve,sram,16,1,90120,512
scan,byte,sram,16,3,360456,512
scan,word,sram,16,3,172040,512
scan,word_unaligned,sram,16,3,120840,512
scan,mve,sram,16,3,90120,512
scan,byte,sram,16,15,360456,512
scan,word,sram,16,15,172040,512
scan,word_unaligned,sram,16,15,120840,512
scan,mve,sram,16,15,90120,512
scan,byte,sram,24,0,524296,512
scan,word,sram,24,0,161800,512
scan,word_unaligned,sram,24,0,157704,512
scan,mve,sram,24,0,96264,512
scan,byte,sram,24,1,524296,512
scan,word,sram,24,1,213000,512
scan,word_unaligned,sram,24,1,163848,512
scan,mve,sram,24,1,131080,512
scan,byte,sram,24,3,524296,512
scan,word,sram,24,3,213000,512
scan,word_unaligned,sram,24,3,163848,512
scan,mve,sram,24,3,131080,512
scan,byte,sram,24,15,524296,512
scan,word,sram,24,15,213000,512
scan,word_unaligned,sram,24,15,163848,512
scan,mve,sram,24,15,133128,512
scan,byte,sram,32,0,688136,512
scan,word,sram,32,0,202760,512
scan,word_unaligned,sram,32,0,198664,512
scan,mve,sram,32,0,110600,512
scan,byte,sram,32,1,688136,512
scan,word,sram,32,1,253960,512
scan,word_unaligned,sram,32,1,206856,512
scan,mve,sram,32,1,147464,512
scan,byte,sram,32,3,688136,512
scan,word,sram,32,3,253960,512
scan,word_unaligned,sram,32,3,206856,512
scan,mve,sram,32,3,147464,512
scan,byte,sram,32,15,688136,512
scan,word,sram,32,15,253960,512
scan,word_unaligned,sram,32,15,206856,512
scan,mve,sram,32,15,147464,512
scan,byte,sram,48,0,1015816,512
scan,word,sram,48,0,284680,512
scan,word_unaligned,sram,48,0,280584,512
scan,mve,sram,48,0,149512,512
scan,byte,sram,48,1,1015816,512
scan,word,sram,48,1,335880,512
scan,word_unaligned,sram,48,1,292872,512
scan,mve,sram,48,1,204808,512
scan,byte,sram,48,3,1015816,512
scan,word,sram,48,3,335880,512
scan,word_unaligned,sram,48,3,292872,512
scan,mve,sram,48,3,204808,512
scan,byte,sram,48,15,1015816,512
scan,word,sram,48,15,335880,512
scan,word_unaligned,sram,48,15,292872,512
scan,mve,sram,48,15,204808,512
scan,byte,sram,64,0,1343496,512
scan,word,sram,64,0,366600,512
scan,word_unaligned,sram,64,0,362504,512
scan,mve,sram,64,0,188424,512
scan,byte,sram,64,1,1343496,512
scan,word,sram,64,1,417800,512
scan,word_unaligned,sram,64,1,378888,512
scan,mve,sram,64,1,262152,512
scan,byte,sram,64,3,1343496,512
scan,word,sram,64,3,417800,512
scan,word_unaligned,sram,64,3,378888,512
scan,mve,sram,64,3,262152,512
scan,byte,sram,64,15,1343496,512
scan,word,sram,64,15,417800,512
scan,word_unaligned,sram,64,15,378888,512
scan,mve,sram,64,15,262152,512
scan,byte,sram,96,0,1998856,512
scan,word,sram,96,0,530440,512
scan,word_unaligned,sram,96,0,526344,512
scan,mve,sram,96,0,266248,512
scan,byte,sram,96,1,1998856,512
scan,word,sram,96,1,581640,512
scan,word_unaligned,sram,96,1,550920,512
scan,mve,sram,96,1,376840,512
scan,byte,sram,96,3,1998856,512
scan,word,sram,96,3,581640,512
scan,word_unaligned,sram,96,3,550920,512
scan,mve,sram,96,3,376840,512
scan,byte,sram,96,15,1998856,512
scan,word,sram,96,15,581640,512
scan,word_unaligned,sram,96,15,550920,512
scan,mve,sram,96,15,376840,512
scan,byte,sram,128,0,2654216,512
scan,word,sram,128,0,694280,512
scan,word_unaligned,sram,128,0,690184,512
scan,mve,sram,128,0,344072,512
scan,byte,sram,128,1,2654216,512
scan,word,sram,128,1,745480,512
scan,word_unaligned,sram,128,1,722952,512
scan,mve,sram,128,1,491528,512
scan,byte,sram,128,3,2654216,512
scan,word,sram,128,3,745480,512
scan,word_unaligned,sram,128,3,722952,512
scan,mve,sram,128,3,491528,512
scan,byte,sram,128,15,2654216,512
scan,word,sram,128,15,745480,512
scan,word_unaligned,sram,128,15,722952,512
scan,mve,sram,128,15,491528,512
scan,byte,sram,256,0,5275656,512
scan,word,sram,256,0,1349640,512
scan,word_unaligned,sram,256,0,1345544,512
scan,mve,sram,256,0,655368,512
scan,byte,sram,256,1,5275656,512
scan,word,sram,256,1,1400840,512
scan,word_unaligned,sram,256,1,1411080,512
scan,mve,sram,256,1,950280,512
scan,byte,sram,256,3,5275656,512
scan,word,sram,256,3,1400840,512
scan,word_unaligned,sram,256,3,1411080,512
scan,mve,sram,256,3,950280,512
scan,byte,sram,256,15,5275656,512
scan,word,sram,256,15,1400842,512
scan,word_unaligned,sram,256,15,1411082,512
scan,mve,sram,256,15,950280,512
scan,byte,sram,512,0,10518536,512
scan,word,sram,512,0,2660360,512
scan,word_unaligned,sram,512,0,2656264,512
scan,mve,sram,512,0,1277960,512
scan,byte,sram,512,1,10518536,512
scan,word,sram,512,1,2711560,512
scan,word_unaligned,sram,512,1,2787336,512
scan,mve,sram,512,1,1867784,512
scan,byte,sram,512,3,10518536,512
scan,word,sram,512,3,2711560,512
scan,word_unaligned,sram,512,3,2787336,512
scan,mve,sram,512,3,1867784,512
scan,byte,sram,512,15,10518536,512
scan,word,sram,512,15,2711560,512
scan,word_unaligned,sram,512,15,2787336,512
scan,mve,sram,512,15,1867784,512
range,current,dtcm,8,0,129032,512
range,byte,dtcm,8,0,49160,512
range,word,dtcm,8,0,67592,512
range,word_unaligned,dtcm,8,0,49160,512
range,mve,dtcm,8,0,23048,512
range,current,dtcm,8,1,129032,512
range,byte,dtcm,8,1,49160,512
range,word,dtcm,8,1,69640,512
range,word_unaligned,dtcm,8,1,49160,512
range,mve,dtcm,8,1,23048,512
range,current,dtcm,8,3,129032,512
range,byte,dtcm,8,3,49160,512
range,word,dtcm,8,3,69640,512
range,word_unaligned,dtcm,8,3,49160,512
range,mve,dtcm,8,3,23048,512
range,current,dtcm,8,15,129032,512
range,byte,dtcm,8,15,49160,512
range,word,dtcm,8,15,73736,512
range,word_unaligned,dtcm,8,15,49160,512
range,mve,dtcm,8,15,23560,512
range,current,dtcm,16,0,129032,512
range,byte,dtcm,16,0,49160,512
range,word,dtcm,16,0,69640,512
range,word_unaligned,dtcm,16,0,49160,512
range,mve,dtcm,16,0,23048,512
range,current,dtcm,16,1,131080,512
range,byte,dtcm,16,1,49160,512
range,word,dtcm,16,1,73736,512
range,word_unaligned,dtcm,16,1,51208,512
range,mve,dtcm,16,1,23048,512
range,current,dtcm,16,3,131080,512
range,byte,dtcm,16,3,49160,512
range,word,dtcm,16,3,73736,512
range,word_unaligned,dtcm,16,3,51208,512
range,mve,dtcm,16,3,23048,512
range,current,dtcm,16,15,131080,512
range,byte,dtcm,16,15,49160,512
range,word,dtcm,16,15,79880,512
range,word_unaligned,dtcm,16,15,51208,512
range,mve,dtcm,16,15,23560,512
range,current,dtcm,24,0,131080,512
range,byte,dtcm,24,0,49160,512
range,word,dtcm,24,0,73736,512
range,word_unaligned,dtcm,24,0,51208,512
range,mve,dtcm,24,0,23048,512
range,current,dtcm,24,1,139272,512
range,byte,dtcm,24,1,53256,512
range,word,dtcm,24,1,67592,512
range,word_unaligned,dtcm,24,1,49160,512
range,mve,dtcm,24,1,23048,512
range,current,dtcm,24,3,139272,512
range,byte,dtcm,24,3,53256,512
range,word,dtcm,24,3,67592,512
range,word_unaligned,dtcm,24,3,49160,512
range,mve,dtcm,24,3,23048,512
range,current,dtcm,24,15,139272,512
range,byte,dtcm,24,15,53256,512
range,word,dtcm,24,15,75784,512
range,word_unaligned,dtcm,24,15,49160,512
range,mve,dtcm,24,15,23560,512
range,current,dtcm,32,0,139272,512
range,byte,dtcm,32,0,53256,512
range,word,dtcm,32,0,67592,512
range,word_unaligned,dtcm,32,0,49160,512
range,mve,dtcm,32,0,23048,512
range,current,dtcm,32,1,145416,512
range,byte,dtcm,32,1,57352,512
range,word,dtcm,32,1,67592,512
range,word_unaligned,dtcm,32,1,49160,512
range,mve,dtcm,32,1,23048,512
range,current,dtcm,32,3,145416,512
range,byte,dtcm,32,3,57352,512
range,word,dtcm,32,3,67592,512
range,word_unaligned,dtcm,32,3,49160,512
range,mve,dtcm,32,3,23048,512
range,current,dtcm,32,15,145416,512
range,byte,dtcm,32,15,57352,512
range,word,dtcm,32,15,79880,512
range,word_unaligned,dtcm,32,15,49160,512
range,mve,dtcm,32,15,23560,512
range,current,dtcm,48,0,153608,512
range,byte,dtcm,48,0,61448,512
range,word,dtcm,48,0,69640,512
range,word_unaligned,dtcm,48,0,49160,512
range,mve,dtcm,48,0,23048,512
range,current,dtcm,48,1,161800,512
range,byte,dtcm,48,1,67592,512
range,word,dtcm,48,1,73736,512
range,word_unaligned,dtcm,48,1,49160,512
range,mve,dtcm,48,1,23048,512
range,current,dtcm,48,3,161800,512
range,byte,dtcm,48,3,67592,512
range,word,dtcm,48,3,73736,512
range,word_unaligned,dtcm,48,3,49160,512
range,mve,dtcm,48,3,23048,512
range,current,dtcm,48,15,161800,512
range,byte,dtcm,48,15,67592,512
range,word,dtcm,48,15,75784,512
range,word_unaligned,dtcm,48,15,51208,512
range,mve,dtcm,48,15,23560,512
range,current,dtcm,64,0,169992,512
range,byte,dtcm,64,0,71688,512
range,word,dtcm,64,0,71688,512
range,word_unaligned,dtcm,64,0,49160,512
range,mve,dtcm,64,0,23048,512
range,current,dtcm,64,1,176136,512
range,byte,dtcm,64,1,75784,512
range,word,dtcm,64,1,69640,512
range,word_unaligned,dtcm,64,1,49160,512
range,mve,dtcm,64,1,23048,512
range,current,dtcm,64,3,176136,512
range,byte,dtcm,64,3,75784,512
range,word,dtcm,64,3,69640,512
range,word_unaligned,dtcm,64,3,49160,512
range,mve,dtcm,64,3,23048,512
range,current,dtcm,64,15,176136,512
range,byte,dtcm,64,15,75784,512
range,word,dtcm,64,15,77832,512
range,word_unaligned,dtcm,64,15,49160,512
range,mve,dtcm,64,15,23560,512
range,current,dtcm,96,0,200712,512
range,byte,dtcm,96,0,90120,512
range,word,dtcm,96,0,75784,512
range,word_unaligned,dtcm,96,0,51208,512
range,mve,dtcm,96,0,23048,512
range,current,dtcm,96,1,206856,512
range,byte,dtcm,96,1,94216,512
range,word,dtcm,96,1,73736,512
range,word_unaligned,dtcm,96,1,49160,512
range,mve,dtcm,96,1,23048,512
range,current,dtcm,96,3,206856,512
range,byte,dtcm,96,3,94216,512
range,word,dtcm,96,3,73736,512
range,word_unaligned,dtcm,96,3,49160,512
range,mve,dtcm,96,3,23048,512
range,current,dtcm,96,15,206856,512
range,byte,dtcm,96,15,94216,512
range,word,dtcm,96,15,81928,512
range,word_unaligned,dtcm,96,15,53256,512
range,mve,dtcm,96,15,23560,512
range,current,dtcm,128,0,231432,512
range,byte,dtcm,128,0,108552,512
range,word,dtcm,128,0,79880,512
range,word_unaligned,dtcm,128,0,55304,512
range,mve,dtcm,128,0,23048,512
range,current,dtcm,128,1,237576,512
range,byte,dtcm,128,1,112648,512
range,word,dtcm,128,1,77832,512
range,word_unaligned,dtcm,128,1,53256,512
range,mve,dtcm,128,1,30728,512
range,current,dtcm,128,3,237576,512
range,byte,dtcm,128,3,112648,512
range,word,dtcm,128,3,77832,512
range,word_unaligned,dtcm,128,3,53256,512
range,mve,dtcm,128,3,30728,512
range,current,dtcm,128,15,237576,512
range,byte,dtcm,128,15,112648,512
range,word,dtcm,128,15,86024,512
range,word_unaligned,dtcm,128,15,57352,512
range,mve,dtcm,128,15,31752,512
range,current,dtcm,192,0,292872,512
range,byte,dtcm,192,0,145416,512
range,word,dtcm,192,0,88072,512
range,word_unaligned,dtcm,192,0,63496,512
range,mve,dtcm,192,0,30728,512
range,current,dtcm,192,1,299016,512
range,byte,dtcm,192,1,149512,512
range,word,dtcm,192,1,86024,512
range,word_unaligned,dtcm,192,1,63496,512
range,mve,dtcm,192,1,30728,512
range,current,dtcm,192,3,299016,512
range,byte,dtcm,192,3,149512,512
range,word,dtcm,192,3,86024,512
range,word_unaligned,dtcm,192,3,63496,512
range,mve,dtcm,192,3,30728,512
range,current,dtcm,192,15,299016,512
range,byte,dtcm,192,15,149512,512
range,word,dtcm,192,15,94216,512
range,word_unaligned,dtcm,192,15,69640,512
range,mve,dtcm,192,15,31752,512
range,current,dtcm,256,0,354312,512
range,byte,dtcm,256,0,182280,512
range,word,dtcm,256,0,96264,512
range,word_unaligned,dtcm,256,0,73736,512
range,mve,dtcm,256,0,30728,512
range,current,dtcm,256,1,360456,512
range,byte,dtcm,256,1,186376,512
range,word,dtcm,256,1,94216,512
range,word_unaligned,dtcm,256,1,71688,512
range,mve,dtcm,256,1,38408,512
range,current,dtcm,256,3,360456,512
range,byte,dtcm,256,3,186376,512
range,word,dtcm,256,3,94216,512
range,word_unaligned,dtcm,256,3,71688,512
range,mve,dtcm,256,3,38408,512
range,current,dtcm,256,15,360456,512
range,byte,dtcm,256,15,186376,512
range,word,dtcm,256,15,102408,512
range,word_unaligned,dtcm,256,15,79880,512
range,mve,dtcm,256,15,39944,512
range,current,dtcm,384,0,477192,512
range,byte,dtcm,384,0,256008,512
range,word,dtcm,384,0,112648,512
range,word_unaligned,dtcm,384,0,92168,512
range,mve,dtcm,384,0,38408,512
range,current,dtcm,384,1,483336,512
range,byte,dtcm,384,1,260104,512
range,word,dtcm,384,1,110600,512
range,word_unaligned,dtcm,384,1,90120,512
range,mve,dtcm,384,1,46088,512
range,current,dtcm,384,3,483336,512
range,byte,dtcm,384,3,260104,512
range,word,dtcm,384,3,110600,512
range,word_unaligned,dtcm,384,3,90120,512
range,mve,dtcm,384,3,46088,512
range,current,dtcm,384,15,483336,512
range,byte,dtcm,384,15,260104,512
range,word,dtcm,384,15,118792,512
range,word_unaligned,dtcm,384,15,102408,512
range,mve,dtcm,384,15,48136,512
range,current,dtcm,512,0,600072,512
range,byte,dtcm,512,0,329736,512
range,word,dtcm,512,0,129032,512
range,word_unaligned,dtcm,512,0,110600,512
range,mve,dtcm,512,0,46088,512
range,current,dtcm,512,1,606216,512
range,byte,dtcm,512,1,333832,512
range,word,dtcm,512,1,126984,512
range,word_unaligned,dtcm,512,1,108552,512
range,mve,dtcm,512,1,53768,512
range,current,dtcm,512,3,606216,512
range,byte,dtcm,512,3,333832,512
range,word,dtcm,512,3,126984,512
range,word_unaligned,dtcm,512,3,108552,512
range,mve,dtcm,512,3,53768,512
range,current,dtcm,512,15,606216,512
range,byte,dtcm,512,15,333832,512
range,word,dtcm,512,15,135176,512
range,word_unaligned,dtcm,512,15,124936,512
range,mve,dtcm,512,15,56328,512
range,current,dtcm,768,0,845832,512
range,byte,dtcm,768,0,477192,512
range,word,dtcm,768,0,161800,512
range,word_unaligned,dtcm,768,0,147464,512
range,mve,dtcm,768,0,61448,512
range,current,dtcm,768,1,851976,512
range,byte,dtcm,768,1,481288,512
range,word,dtcm,768,1,159752,512
range,word_unaligned,dtcm,768,1,145416,512
range,mve,dtcm,768,1,69128,512
range,current,dtcm,768,3,851976,512
range,byte,dtcm,768,3,481288,512
range,word,dtcm,768,3,159752,512
range,word_unaligned,dtcm,768,3,145416,512
range,mve,dtcm,768,3,69128,512
range,current,dtcm,768,15,851976,512
range,byte,dtcm,768,15,481288,512
range,word,dtcm,768,15,167944,512
range,word_unaligned,dtcm,768,15,169992,512
range,mve,dtcm,768,15,72712,512
range,current,dtcm,1024,0,1091592,512
range,byte,dtcm,1024,0,624648,512
range,word,dtcm,1024,0,194568,512
range,word_unaligned,dtcm,1024,0,184328,512
range,mve,dtcm,1024,0,76808,512
range,current,dtcm,1024,1,1097738,512
range,byte,dtcm,1024,1,628744,512
range,word,dtcm,1024,1,192520,512
range,word_unaligned,dtcm,1024,1,182280,512
range,mve,dtcm,1024,1,84488,512
range,current,dtcm,1024,3,1097738,512
range,byte,dtcm,1024,3,628744,512
range,word,dtcm,1024,3,192520,512
range,word_unaligned,dtcm,1024,3,182280,512
range,mve,dtcm,1024,3,84488,512
range,current,dtcm,1024,15,1097738,512
range,byte,dtcm,1024,15,628744,512
range,word,dtcm,1024,15,200712,512
range,word_unaligned,dtcm,1024,15,215048,512
range,mve,dtcm,1024,15,89096,512
range,current,dtcm,2048,0,2074632,512
range,byte,dtcm,2048,0,1214472,512
range,word,dtcm,2048,0,325640,512
range,word_unaligned,dtcm,2048,0,331784,512
range,mve,dtcm,2048,0,138248,512
range,current,dtcm,2048,1,2080776,512
range,byte,dtcm,2048,1,1218570,512
range,word,dtcm,2048,1,323592,512
range,word_unaligned,dtcm,2048,1,329736,512
range,mve,dtcm,2048,1,145928,512
range,current,dtcm,2048,3,2080778,512
range,byte,dtcm,2048,3,1218570,512
range,word,dtcm,2048,3,323592,512
range,word_unaligned,dtcm,2048,3,329736,512
range,mve,dtcm,2048,3,145928,512
range,current,dtcm,2048,15,2080776,512
range,byte,dtcm,2048,15,1218570,512
range,word,dtcm,2048,15,331784,512
range,word_unaligned,dtcm,2048,15,395272,512
range,mve,dtcm,2048,15,154632,512
range,current,dtcm,4096,0,4040712,512
range,byte,dtcm,4096,0,2394120,512
range,word,dtcm,4096,0,587784,512
range,word_unaligned,dtcm,4096,0,626696,512
range,mve,dtcm,4096,0,261128,512
range,current,dtcm,4096,1,4046856,512
range,byte,dtcm,4096,1,2398218,512
range,word,dtcm,4096,1,585736,512
range,word_unaligned,dtcm,4096,1,624648,512
range,mve,dtcm,4096,1,268808,512
range,current,dtcm,4096,3,4046856,512
range,byte,dtcm,4096,3,2398218,512
range,word,dtcm,4096,3,585736,512
range,word_unaligned,dtcm,4096,3,624648,512
range,mve,dtcm,4096,3,268808,512
range,current,dtcm,4096,15,4046856,512
range,byte,dtcm,4096,15,2398218,512
range,word,dtcm,4096,15,593928,512
range,word_unaligned,dtcm,4096,15,755720,512
range,mve,dtcm,4096,15,285704,512
svc,empty,fp_inactive,0,0,394,1
svc,byte,fp_inactive,4,0,469,1
svc,word,fp_inactive,4,0,469,1
svc,word_unaligned,fp_inactive,4,0,469,1
svc,mve,fp_inactive,4,0,469,1
svc,byte,fp_inactive,16,0,565,1
svc,word,fp_inactive,16,0,485,1
svc,word_unaligned,fp_inactive,16,0,473,1
svc,mve,fp_inactive,16,0,469,1
svc,byte,fp_inactive,64,0,949,1
svc,word,fp_inactive,64,0,581,1
svc,word_unaligned,fp_inactive,64,0,569,1
svc,mve,fp_inactive,64,0,493,1
svc,byte,fp_inactive,256,0,2485,1
svc,word,fp_inactive,256,0,965,1
svc,word_unaligned,fp_inactive,256,0,953,1
svc,mve,fp_inactive,256,0,661,1
svc_range,current,fp_inactive,32,0,645,1
svc_range,byte,fp_inactive,32,0,477,1
svc_range,word,fp_inactive,32,0,505,1
svc_range,word_unaligned,fp_inactive,32,0,469,1
svc_range,mve,fp_inactive,32,0,417,1
svc_range,current,fp_inactive,64,0,705,1
svc_range,byte,fp_inactive,64,0,513,1
svc_range,word,fp_inactive,64,0,513,1
svc_range,word_unaligned,fp_inactive,64,0,469,1
svc_range,mve,fp_inactive,64,0,417,1
svc_range,current,fp_inactive,128,0,825,1
svc_range,byte,fp_inactive,128,0,585,1
svc_range,word,fp_inactive,128,0,529,1
svc_range,word_unaligned,fp_inactive,128,0,481,1
svc_range,mve,fp_inactive,128,0,417,1
svc_range,current,fp_inactive,256,0,1065,1
svc_range,byte,fp_inactive,256,0,729,1
svc_range,word,fp_inactive,256,0,561,1
svc_range,word_unaligned,fp_inactive,256,0,517,1
svc_range,mve,fp_inactive,256,0,433,1
svc_range,current,fp_inactive,512,0,1545,1
svc_range,byte,fp_inactive,512,0,1017,1
svc_range,word,fp_inactive,512,0,625,1
svc_range,word_unaligned,fp_inactive,512,0,589,1
svc_range,mve,fp_inactive,512,0,465,1
svc_range,current,fp_inactive,1024,0,2505,1
svc_range,byte,fp_inactive,1024,0,1593,1
svc_range,word,fp_inactive,1024,0,753,1
svc_range,word_unaligned,fp_inactive,1024,0,733,1
svc_range,mve,fp_inactive,1024,0,525,1
svc_range,current,fp_inactive,1536,0,3465,1
svc_range,byte,fp_inactive,1536,0,2169,1
svc_range,word,fp_inactive,1536,0,881,1
svc_range,word_unaligned,fp_inactive,1536,0,877,1
svc_range,mve,fp_inactive,1536,0,585,1
svc_range,current,fp_inactive,2048,0,4425,1
svc_range,byte,fp_inactive,2048,0,2745,1
svc_range,word,fp_inactive,2048,0,1009,1
svc_range,word_unaligned,fp_inactive,2048,0,1021,1
svc_range,mve,fp_inactive,2048,0,645,1
svc_range,current,fp_inactive,3072,0,6345,1
svc_range,byte,fp_inactive,3072,0,3897,1
svc_range,word,fp_inactive,3072,0,1265,1
svc_range,word_unaligned,fp_inactive,3072,0,1309,1
svc_range,mve,fp_inactive,3072,0,765,1
svc_range,current,fp_inactive,4096,0,8265,1
svc_range,byte,fp_inactive,4096,0,5049,1
svc_range,word,fp_inactive,4096,0,1521,1
svc_range,word_unaligned,fp_inactive,4096,0,1597,1
svc_range,mve,fp_inactive,4096,0,885,1
svc,empty,fp_active,0,0,394,1
svc,byte,fp_active,4,0,470,1
svc,word,fp_active,4,0,470,1
svc,word_unaligned,fp_active,4,0,470,1
svc,mve,fp_active,4,0,765,1
svc,byte,fp_active,16,0,566,1
svc,word,fp_active,16,0,486,1
svc,word_unaligned,fp_active,16,0,474,1
svc,mve,fp_active,16,0,765,1
svc,byte,fp_active,64,0,950,1
svc,word,fp_active,64,0,582,1
svc,word_unaligned,fp_active,64,0,570,1
svc,mve,fp_active,64,0,805,1
svc,byte,fp_active,256,0,2486,1
svc,word,fp_active,256,0,966,1
svc,word_unaligned,fp_active,256,0,954,1
svc,mve,fp_active,256,0,969,1
svc_range,current,fp_active,32,0,646,1
svc_range,byte,fp_active,32,0,478,1
svc_range,word,fp_active,32,0,506,1
svc_range,word_unaligned,fp_active,32,0,470,1
svc_range,mve,fp_active,32,0,733,1
svc_range,current,fp_active,64,0,706,1
svc_range,byte,fp_active,64,0,514,1
svc_range,word,fp_active,64,0,514,1
svc_range,word_unaligned,fp_active,64,0,470,1
svc_range,mve,fp_active,64,0,733,1
svc_range,current,fp_active,128,0,826,1
svc_range,byte,fp_active,128,0,586,1
svc_range,word,fp_active,128,0,530,1
svc_range,word_unaligned,fp_active,128,0,482,1
svc_range,mve,fp_active,128,0,733,1
svc_range,current,fp_active,256,0,1066,1
svc_range,byte,fp_active,256,0,730,1
svc_range,word,fp_active,256,0,562,1
svc_range,word_unaligned,fp_active,256,0,518,1
svc_range,mve,fp_active,256,0,753,1
svc_range,current,fp_active,512,0,1546,1
svc_range,byte,fp_active,512,0,1018,1
svc_range,word,fp_active,512,0,626,1
svc_range,word_unaligned,fp_active,512,0,590,1
svc_range,mve,fp_active,512,0,769,1
svc_range,current,fp_active,1024,0,2506,1
svc_range,byte,fp_active,1024,0,1594,1
svc_range,word,fp_active,1024,0,754,1
svc_range,word_unaligned,fp_active,1024,0,734,1
svc_range,mve,fp_active,1024,0,829,1
svc_range,current,fp_active,1536,0,3466,1
svc_range,byte,fp_active,1536,0,2170,1
svc_range,word,fp_active,1536,0,882,1
svc_range,word_unaligned,fp_active,1536,0,878,1
svc_range,mve,fp_active,1536,0,889,1
svc_range,current,fp_active,2048,0,4426,1
svc_range,byte,fp_active,2048,0,2746,1
svc_range,word,fp_active,2048,0,1010,1
svc_range,word_unaligned,fp_active,2048,0,1022,1
svc_range,mve,fp_active,2048,0,949,1
svc_range,current,fp_active,3072,0,6346,1
svc_range,byte,fp_active,3072,0,3898,1
svc_range,word,fp_active,3072,0,1266,1
svc_range,word_unaligned,fp_active,3072,0,1310,1
svc_range,mve,fp_active,3072,0,1069,1
svc_range,current,fp_active,4096,0,8266,1
svc_range,byte,fp_active,4096,0,5050,1
svc_range,word,fp_active,4096,0,1522,1
svc_range,word_unaligned,fp_active,4096,0,1598,1
svc_range,mve,fp_active,4096,0,1189,1
